GWP100a,Location
0.10082279811894887, RoW 
0.2570638433472381, RoW 
