GWP100a,Location
0.35632489623766544, CH 
0.22292865649622107, DE 
