GWP100a,location
0.7251716781406278,CA-SK
0.6096034641116507,NL
