GWP100a;location
0.2317328676330032;FI
1.4842398729659467;IN-Eastern grid
